customer_id,customer_name,email,mobile,city,customer_type,registration_date,status
C0450,Sakshi Chatterjee,sakshi.chatterjee491@rediffmail.com,9165475776,Bangalore,Premium,2024-04-17,Active
C0362,Dhruv Nair,dhruv.nair259@yahoo.com,9807233980,Chennai,Corporate,2024-09-29,Inactive
C0059,Pooja Shah,pooja.shah88@gmail.com,9817411121,Gurugram,Corporate,2025-04-27,Active
C0120,Neha Iyer,neha.iyer332@outlook.com,9224469868,Chandigarh,Corporate,2020-01-05,Inactive
C0125,Shruti Nair,shruti.nair723@rediffmail.com,9393587744,Indore,Premium,2025-04-18,Active
C0313,Preeti Verma,preeti.verma450@hotmail.com,9351619881,Coimbatore,Regular,2020-08-19,Active
C0456,Deepa Mehta,deepa.mehta326@rediffmail.com,9965661638,Gurugram,Corporate,2020-04-25,Inactive
C0118,Neha Mukherjee,neha.mukherjee419@outlook.com,9457887167,Noida,Corporate,2021-03-04,Active
C0206,Kunal Yadav,kunal.yadav96@rediffmail.com,9793663866,Indore,Corporate,2024-01-22,Active
C0410,Komal Yadav,komal.yadav869@gmail.com,9806957378,Lucknow,Regular,2025-10-21,Active
C0477,Bhavna Agarwal,noatsign.com,9229151674,Bhopal,Regular,2023-12-09,Active
C0368,Vishal Sharma,vishal.sharma108@hotmail.com,9417217932,Indore,Regular,2021-04-20,Active
C0063,Nikhil Chauhan,nikhil.chauhan694@hotmail.com,9903303363,Kolkata,Corporate,2026-05-20,Inactive
C0045,Kunal Kapoor,kunal.kapoor307@rediffmail.com,9812308209,Hyderabad,Regular,2022-12-19,Active
C0119,Nisha Chatterjee,nisha.chatterjee296@hotmail.com,9811443654,Chandigarh,Corporate,2020-05-30,Inactive
C0348,Karan Rao,karan.rao94@gmail.com,9105578324,Lucknow,Premium,2024-01-14,Inactive
C0190,Sonali Banerjee,sonali.banerjee91@outlook.com,9568915703,Hyderabad,Regular,2024-11-19,Inactive
C0290,Ankit Sharma,ankit.sharma582@outlook.com,9747233283,Hyderabad,Premium,2023-03-11,Inactive
C0454,Isha Rao,isha.rao239@rediffmail.com,9271395839,Hyderabad,Regular,2022-09-14,Inactive
C0123,Priya Tiwari,priya.tiwari819@rediffmail.com,9356943695,Kolkata,Premium,2026-03-06,Active
C0222,Kavita Verma,kavita.verma430@yahoo.com,9786069196,Surat,Premium,2020-09-14,Active
C0478,Swati Malhotra,noatsign.com,9235491190,Delhi,Premium,2023-06-10,Active
C0186,Komal Kumar,komal.kumar297@outlook.com,9452318696,Hyderabad,Regular,2025-07-30,Inactive
C0228,Ankit Rao,ankit.rao347@rediffmail.com,9973498494,Kolkata,Corporate,2025-03-18,Inactive
C0159,Manoj Singh,manoj.singh94@hotmail.com,9811642514,Pune,Corporate,2020-03-28,Active
C0205,Harsh Yadav,harsh.yadav318@gmail.com,9700138002,Chandigarh,Corporate,2023-09-07,Active
C0139,Suresh Patel,suresh.patel625@gmail.com,9510753814,Surat,Corporate,2022-09-13,Inactive
C0442,Vishal Das,vishal.das51@rediffmail.com,9827120114,Lucknow,Premium,2021-12-13,Active
C0423,Isha Gupta,isha.gupta730@outlook.com,9719175016,Bangalore,Premium,2025-02-07,Inactive
C0273,Nikhil Saxena,nikhil.saxena816@outlook.com,9878810937,Mumbai,Corporate,2025-04-27,Inactive
C0219,Amit Verma,amit.verma940@outlook.com,9990949719,Nagpur,Corporate,2021-07-22,Inactive
C0148,Manoj Kumar,manoj.kumar898@rediffmail.com,9492836532,Patna,Corporate,2023-01-21,Active
C0127,Meena Shah,meena.shah349@hotmail.com,9945805127,Patna,Premium,2020-01-11,Inactive
C0039,Shweta Singh,shweta.singh253@rediffmail.com,9721609600,Surat,Regular,2020-12-01,Inactive
C0284,Manoj Kapoor,manoj.kapoor278@rediffmail.com,9703462253,Jaipur,Regular,2021-03-23,Active
C0392,Meena Bhat,meena.bhat719@yahoo.com,9242475723,Ahmedabad,Regular,2023-08-12,Active
C0452,Mohit Pandey,mohit.pandey353@hotmail.com,9707363258,Patna,Premium,2024-05-09,Inactive
C0143,Mohit Singh,mohit.singh391@yahoo.com,9714097318,Gurugram,Corporate,2023-04-26,Inactive
C0481,Ritika Iyer,ritika.iyer533@outlook.com,123456789012345,Mumbai,Corporate,2026-06-30,Active
C0337,Pallavi Das,pallavi.das579@hotmail.com,9361142486,Ahmedabad,Premium,2020-11-26,Active
C0372,Isha Patel,isha.patel164@rediffmail.com,9455397438,Coimbatore,Premium,2025-03-07,Active
C0069,Pooja Tiwari,pooja.tiwari915@gmail.com,9906341966,Hyderabad,Premium,2022-06-15,Active
C0202,Komal Iyer,komal.iyer54@rediffmail.com,9947425963,Noida,Regular,2023-09-12,Active
C0163,Rahul Rao,rahul.rao603@yahoo.com,9447646966,Mumbai,Regular,2022-12-22,Active
C0322,Bhavna Agarwal,bhavna.agarwal41@rediffmail.com,9178151583,Pune,Corporate,2026-04-08,Active
C0432,Pooja Sharma,pooja.sharma25@hotmail.com,9350179421,Coimbatore,Premium,2020-02-09,Inactive
C0144,Priya Kapoor,priya.kapoor282@hotmail.com,9108695125,Kochi,Corporate,2020-07-19,Inactive
C0169,Harsh Mishra,harsh.mishra465@outlook.com,9642831335,Surat,Premium,2021-02-10,Active
C0467,Dhruv Nayak,dhruv.nayak842@gmail.com,9861246240,Noida,Premium,2020-02-16,Inactive
C0009,Arun Reddy,arun.reddy651@hotmail.com,9995619255,Gurugram,Regular,2024-02-25,Inactive
C0101,Manoj Nair,manoj.nair370@yahoo.com,9292673892,Lucknow,Regular,2025-12-27,Active
C0132,Pranav Saxena,pranav.saxena891@outlook.com,9207765664,Bhopal,Regular,2025-11-24,Inactive
C0413,Arun Bhat,arun.bhat431@rediffmail.com,9492358645,Coimbatore,Corporate,2021-12-08,Inactive
C0200,Shruti Gupta,shruti.gupta662@rediffmail.com,9285283722,Delhi,Regular,2024-11-28,Inactive
C0203,Ritika Chauhan,ritika.chauhan291@hotmail.com,9370578414,Surat,Regular,2023-09-27,Active
C0352,Varun Mishra,varun.mishra702@yahoo.com,9508807900,Kolkata,Regular,2023-01-06,Inactive
C0025,Shweta Chauhan,shweta.chauhan449@outlook.com,9655742829,Bhopal,Regular,2022-10-12,Active
C0165,Pranav Saxena,pranav.saxena463@gmail.com,9640992677,Ahmedabad,Corporate,2020-06-26,Inactive
C0090,Nikhil Kapoor,nikhil.kapoor109@hotmail.com,9565492204,Gurugram,Corporate,2025-02-26,Active
C0401,Neha Rao,neha.rao54@yahoo.com,9525568516,Lucknow,Corporate,2022-08-17,Inactive
C0081,Tanvi Chatterjee,tanvi.chatterjee888@yahoo.com,9595744935,Kolkata,Regular,2022-12-01,Inactive
C0295,Karan Menon,karan.menon7@yahoo.com,9380016058,Chandigarh,Regular,2025-01-03,Inactive
C0258,Shruti Iyer,shruti.iyer999@outlook.com,9528118701,Chennai,Premium,2025-10-10,Active
C0150,Anjali Gupta,anjali.gupta773@yahoo.com,9342251928,Chandigarh,Corporate,2024-02-07,Active
C0341,Deepa Menon,deepa.menon17@outlook.com,9322434334,Kochi,Regular,2024-06-19,Active
C0371,Ankit Malhotra,ankit.malhotra24@gmail.com,9468377143,Hyderabad,Corporate,2021-11-04,Active
C0021,Harsh Iyer,harsh.iyer20@hotmail.com,9220117054,Gurugram,Premium,2022-09-07,Active
C0008,Shruti Gupta,shruti.gupta678@gmail.com,9344703907,Lucknow,Regular,2022-08-11,Active
C0261,Varun Jain,varun.jain195@outlook.com,9919395339,Kolkata,Premium,2025-10-09,Inactive
C0233,Arun Iyer,arun.iyer509@yahoo.com,9843102880,Nagpur,Premium,2025-10-27,Inactive
C0469,Arun Banerjee,arun.banerjee993@hotmail.com,9278604541,Indore,Premium,2024-03-31,Inactive
C0476,Shweta Nayak,invalid-email,9639127345,Kochi,Corporate,2026-03-16,Active
C0291,Tanvi Pandey,tanvi.pandey506@rediffmail.com,9244096091,Patna,Premium,2023-01-22,Active
C0317,Sneha Rao,sneha.rao805@hotmail.com,9663137920,Noida,Corporate,2024-09-01,Inactive
C0419,Aarti Gupta,aarti.gupta119@hotmail.com,9586804311,Surat,Corporate,2020-08-13,Inactive
C0111,Tarun Bhat,tarun.bhat73@hotmail.com,9838073939,Ahmedabad,Premium,2026-08-12,Active
C0485,Varun Agarwal,varun.agarwal39@hotmail.com,abcdefghij,Jaipur,Premium,2023-10-22,Active
C0355,Anjali Singh,anjali.singh312@yahoo.com,9107266407,Chandigarh,Premium,2024-04-05,Inactive
C0275,Isha Tiwari,isha.tiwari794@rediffmail.com,9508226265,Chennai,Corporate,2022-09-19,Active
C0024,Isha Bhat,isha.bhat434@rediffmail.com,9327416584,Coimbatore,Corporate,2022-04-03,Inactive
C0370,Mohit Singh,mohit.singh740@hotmail.com,9848143863,Bhopal,Premium,2020-10-02,Inactive
C0048,Meena Verma,meena.verma342@gmail.com,9927982963,Chennai,Corporate,2022-12-08,Active
C0121,Nikhil Verma,nikhil.verma531@yahoo.com,9488457631,Surat,Premium,2024-12-15,Active
C0281,Tarun Yadav,tarun.yadav325@hotmail.com,9615185000,Gurugram,Corporate,2023-01-25,Inactive
C0231,Tushar Mukherjee,tushar.mukherjee38@outlook.com,9908839964,Pune,Premium,2024-01-02,Active
C0057,Bhavna Kapoor,bhavna.kapoor340@rediffmail.com,9129635852,Hyderabad,Premium,2022-01-01,Inactive
C0407,Dhruv Jain,dhruv.jain942@yahoo.com,9542070132,Surat,Corporate,2024-12-17,Active
C0376,Sanjay Chauhan,sanjay.chauhan541@hotmail.com,9786237617,Noida,Corporate,2024-05-10,Inactive
C0022,Aarti Nayak,aarti.nayak970@rediffmail.com,9184564737,Bangalore,Corporate,2025-06-13,Active
C0113,Sneha Patel,sneha.patel610@outlook.com,9904187231,Kochi,Premium,2024-12-03,Active
C0314,Pranav Nair,pranav.nair836@yahoo.com,9885460919,Kochi,Premium,2026-06-23,Inactive
C0018,Komal Tiwari,komal.tiwari115@outlook.com,9415143362,Indore,Regular,2025-02-01,Active
C0381,Arjun Kumar,arjun.kumar323@yahoo.com,9584258607,Surat,Regular,2024-01-10,Active
C0433,Rahul Shah,rahul.shah870@hotmail.com,9892510222,Lucknow,Regular,2022-04-20,Active
C0411,Preeti Das,preeti.das662@outlook.com,9158593156,Ahmedabad,Premium,2024-04-29,Active
C0463,Shruti Pandey,shruti.pandey806@rediffmail.com,9483138514,Ahmedabad,Corporate,2026-08-09,Active
C0095,Ritika Sharma,ritika.sharma971@rediffmail.com,9305145276,Bangalore,Regular,2024-07-22,Inactive
C0256,Aarti Malhotra,aarti.malhotra305@hotmail.com,9586989309,Bangalore,Corporate,2020-09-02,Active
C0041,Sanjay Das,sanjay.das688@yahoo.com,9793101194,Lucknow,Premium,2023-07-19,Active
C0213,Anjali Shah,anjali.shah797@outlook.com,9510032406,Patna,Corporate,2024-09-10,Active
C0424,Sneha Mukherjee,sneha.mukherjee171@rediffmail.com,9494801749,Kolkata,Premium,2021-02-25,Active
C0416,Neha Tiwari,neha.tiwari551@rediffmail.com,9761475488,Chennai,Premium,2020-12-08,Inactive
C0175,Ashish Verma,ashish.verma615@outlook.com,9435489452,Gurugram,Regular,2026-06-25,Active
C0482,Megha Mishra,megha.mishra116@hotmail.com,123456789012345,Chennai,Regular,2026-03-06,Active
C0140,Megha Kumar,megha.kumar473@yahoo.com,9784944881,Jaipur,Premium,2022-11-11,Active
C0307,Nikhil Patel,nikhil.patel785@yahoo.com,9788832222,Indore,Premium,2024-04-15,Inactive
C0007,Arun Gupta,arun.gupta301@rediffmail.com,9990566476,Surat,Premium,2026-06-22,Active
C0060,Isha Menon,isha.menon704@rediffmail.com,9872482077,Pune,Premium,2024-11-01,Active
C0218,Pallavi Nayak,pallavi.nayak379@hotmail.com,9300341906,Bhopal,Regular,2024-06-23,Active
C0038,Sneha Mishra,sneha.mishra872@gmail.com,9299528037,Bangalore,Corporate,2020-10-05,Active
C0201,Isha Mishra,isha.mishra163@rediffmail.com,9490732457,Gurugram,Premium,2024-05-05,Inactive
C0149,Sanjay Menon,sanjay.menon991@hotmail.com,9965960427,Lucknow,Corporate,2023-10-19,Active
C0246,Pranav Mehta,pranav.mehta206@gmail.com,9950474042,Chennai,Regular,2025-07-16,Active
C0360,Bhavna Shah,bhavna.shah28@rediffmail.com,9880839406,Bhopal,Corporate,2022-05-08,Inactive
C0240,Pallavi Rao,pallavi.rao782@hotmail.com,9182555101,Kochi,Regular,2025-12-08,Inactive
C0218,Arun Gupta,arun.gupta230@outlook.com,9130266145,Noida,Regular,2023-10-05,Active
C0277,Nikhil Yadav,nikhil.yadav421@yahoo.com,9638824588,Surat,Premium,2020-09-12,Active
C0333,Pallavi Verma,pallavi.verma654@rediffmail.com,9815922437,Surat,Premium,2025-06-21,Active
C0324,Aarti Yadav,aarti.yadav721@rediffmail.com,9319594317,Chandigarh,Regular,2026-03-11,Inactive
C0331,Tushar Chauhan,tushar.chauhan587@hotmail.com,9353018691,Nagpur,Premium,2023-06-11,Active
C0221,Ritika Jain,ritika.jain541@rediffmail.com,9554466340,Hyderabad,Premium,2022-08-31,Inactive
C0166,Anjali Tiwari,anjali.tiwari63@gmail.com,9614302907,Chandigarh,Premium,2021-03-18,Inactive
C0020,Dhruv Mishra,dhruv.mishra204@rediffmail.com,9264109919,Gurugram,Regular,2026-01-18,Active
C0462,Suresh Jain,suresh.jain811@hotmail.com,9786406624,Nagpur,Corporate,2023-07-23,Active
C0086,Komal Rao,komal.rao621@yahoo.com,9752027025,Hyderabad,Regular,2023-06-28,Active
C0279,Deepa Banerjee,deepa.banerjee351@rediffmail.com,9686556403,Gurugram,Corporate,2022-12-18,Inactive
C0311,Vishal Kumar,vishal.kumar194@outlook.com,9878488534,Hyderabad,Regular,2024-09-13,Active
C0475,,test.user804@outlook.com,9526777316,Nagpur,Premium,2024-06-26,Active
C0023,Vivek Pandey,vivek.pandey132@yahoo.com,9808402051,Nagpur,Corporate,2021-11-07,Inactive
C0248,Ritu Das,ritu.das539@hotmail.com,9541087900,Indore,Corporate,2020-10-29,Active
C0001,Dhruv Singh,dhruv.singh760@gmail.com,9395310485,Ahmedabad,Regular,2021-07-25,Active
C0298,Tarun Singh,tarun.singh377@outlook.com,9759949050,Ahmedabad,Regular,2021-07-01,Inactive
C0085,Aarti Kumar,aarti.kumar686@hotmail.com,9222824732,Kochi,Regular,2025-03-19,Inactive
C0379,Tarun Kumar,tarun.kumar398@rediffmail.com,9549080818,Surat,Regular,2026-06-12,Inactive
C0054,Kunal Bhat,kunal.bhat274@yahoo.com,9270937380,Hyderabad,Premium,2020-06-07,Inactive
C0147,Megha Rao,megha.rao93@yahoo.com,9416872439,Noida,Corporate,2024-08-28,Active
C0473,,test.user492@rediffmail.com,9314399191,Hyderabad,Regular,2024-02-28,Active
C0276,Varun Yadav,varun.yadav196@gmail.com,9120333847,Bhopal,Premium,2024-09-11,Active
C0076,Nisha Pandey,nisha.pandey426@hotmail.com,9166857303,Pune,Premium,2024-05-14,Active
C0105,Varun Tiwari,varun.tiwari156@gmail.com,9260199682,Kochi,Premium,2020-12-14,Active
C0447,Anjali Verma,anjali.verma947@yahoo.com,9716203465,Indore,Corporate,2024-06-05,Inactive
C0391,Arjun Saxena,arjun.saxena976@outlook.com,9652348887,Hyderabad,Regular,2024-08-12,Active
C0306,Vishal Yadav,vishal.yadav555@gmail.com,9164698991,Bangalore,Premium,2020-05-09,Inactive
C0405,Ritu Kumar,ritu.kumar793@hotmail.com,9973347156,Chennai,Corporate,2021-08-08,Active
C0252,Neha Reddy,neha.reddy651@yahoo.com,9691461470,Jaipur,Regular,2023-05-25,Active
C0051,Divya Kumar,divya.kumar316@gmail.com,9491541578,Delhi,Premium,2022-05-10,Active
C0458,Sakshi Verma,sakshi.verma58@gmail.com,9349777425,Surat,Regular,2020-03-22,Inactive
C0431,Pallavi Saxena,pallavi.saxena792@hotmail.com,9933101205,Pune,Corporate,2026-02-16,Active
C0359,Shweta Rao,shweta.rao955@gmail.com,9705429879,Pune,Corporate,2026-02-12,Active
C0073,Komal Shah,komal.shah497@rediffmail.com,9772966010,Ahmedabad,Premium,2024-12-06,Active
C0031,Shweta Jain,shweta.jain820@outlook.com,9217326729,Ahmedabad,Regular,2022-02-18,Inactive
C0131,Shruti Menon,shruti.menon396@hotmail.com,9812630453,Chennai,Premium,2020-05-31,Active
C0453,Deepa Sharma,deepa.sharma612@outlook.com,9335171142,Mumbai,Premium,2020-08-27,Inactive
C0345,Priya Tiwari,priya.tiwari803@outlook.com,9583774585,Nagpur,Regular,2023-12-28,Inactive
C0036,Manoj Nair,manoj.nair992@yahoo.com,9162795957,Kochi,Corporate,2026-01-29,Active
C0156,Megha Jain,megha.jain907@yahoo.com,9545478870,Hyderabad,Premium,2024-07-29,Inactive
,Vikram Iyer,vikram.iyer910@yahoo.com,9503144836,Kolkata,Corporate,2023-06-03,Active
C0367,Gaurav Rao,gaurav.rao475@hotmail.com,9929296154,Kochi,Corporate,2025-08-11,Active
C0420,Kunal Jain,kunal.jain123@yahoo.com,9113598909,Chennai,Corporate,2020-02-16,Active
C0378,Bhavna Kumar,bhavna.kumar121@outlook.com,9356165519,Lucknow,Regular,2022-01-19,Inactive
C0285,Aarti Verma,aarti.verma232@rediffmail.com,9784987769,Ahmedabad,Regular,2021-02-14,Inactive
C0270,Harsh Nayak,harsh.nayak144@rediffmail.com,9452150647,Surat,Premium,2021-10-27,Inactive
C0278,Isha Joshi,isha.joshi333@rediffmail.com,9811060614,Nagpur,Corporate,2024-03-23,Inactive
C0488,Nisha Kapoor,nisha.kapoor319@outlook.com,9401019924,Nagpur,InvalidType,2023-07-21,Active
C0040,Kunal Saxena,kunal.saxena536@rediffmail.com,9439699535,Jaipur,Regular,2023-07-10,Active
C0122,Swati Reddy,swati.reddy135@rediffmail.com,9409268943,Bhopal,Corporate,2025-06-08,Active
C0065,Anjali Banerjee,anjali.banerjee692@hotmail.com,9329460134,Patna,Premium,2021-11-26,Active
C0268,Ritika Rao,ritika.rao204@yahoo.com,9746889670,Patna,Premium,2025-08-10,Active
C0303,Neha Nayak,neha.nayak457@rediffmail.com,9968326513,Delhi,Premium,2021-06-24,Inactive
C0329,Ritika Tiwari,ritika.tiwari264@outlook.com,9919652226,Nagpur,Corporate,2025-07-02,Inactive
C0309,Deepa Pandey,deepa.pandey542@hotmail.com,9236737888,Ahmedabad,Regular,2020-04-03,Inactive
C0107,Gaurav Menon,gaurav.menon305@hotmail.com,9731924051,Indore,Premium,2026-05-18,Active
C0271,Sonali Jain,sonali.jain608@outlook.com,9461178244,Patna,Corporate,2025-12-20,Inactive
C0385,Komal Banerjee,komal.banerjee761@rediffmail.com,9929516706,Nagpur,Corporate,2025-09-23,Active
C0195,Dhruv Iyer,dhruv.iyer451@yahoo.com,9173321814,Nagpur,Premium,2023-05-25,Inactive
C0168,Amit Reddy,amit.reddy649@rediffmail.com,9728530544,Coimbatore,Corporate,2023-08-24,Inactive
C0377,Megha Singh,megha.singh361@outlook.com,9591624059,Surat,Regular,2023-05-03,Active
C0304,Anjali Saxena,anjali.saxena573@gmail.com,9596474925,Lucknow,Corporate,2020-03-30,Inactive
C0181,Anjali Iyer,anjali.iyer379@yahoo.com,9434618074,Noida,Corporate,2020-12-13,Active
C0335,Priya Mishra,priya.mishra826@hotmail.com,9292486308,Hyderabad,Regular,2025-11-17,Active
C0013,Varun Nayak,varun.nayak218@outlook.com,9803771909,Nagpur,Premium,2025-02-22,Active
,Sanjay Chauhan,sanjay.chauhan305@outlook.com,9355065530,Hyderabad,Regular,2025-03-15,Active
C0253,Pranav Tiwari,pranav.tiwari607@yahoo.com,9723464439,Chennai,Regular,2023-10-14,Active
C0315,Aarti Nair,aarti.nair677@yahoo.com,9659689063,Ahmedabad,Premium,2023-05-15,Inactive
C0342,Ritu Patel,ritu.patel247@rediffmail.com,9708485104,Chandigarh,Corporate,2026-01-23,Inactive
C0403,Isha Chauhan,isha.chauhan10@hotmail.com,9108657116,Noida,Regular,2024-09-25,Active
C0254,Priya Gupta,priya.gupta972@gmail.com,9788755699,Kochi,Premium,2022-05-13,Inactive
C0356,Gaurav Iyer,gaurav.iyer836@hotmail.com,9984264226,Surat,Regular,2023-05-15,Inactive
C0183,Sakshi Agarwal,sakshi.agarwal425@hotmail.com,9393310667,Pune,Corporate,2021-04-11,Inactive
C0366,Vivek Iyer,vivek.iyer109@hotmail.com,9111325589,Hyderabad,Premium,2022-06-28,Active
C0032,Amit Chatterjee,amit.chatterjee286@yahoo.com,9596743109,Ahmedabad,Regular,2024-12-20,Active
C0044,Gaurav Kapoor,gaurav.kapoor721@rediffmail.com,9424825305,Surat,Corporate,2025-12-06,Active
C0383,Bhavna Mukherjee,bhavna.mukherjee728@hotmail.com,9576582183,Nagpur,Regular,2020-12-04,Active
C0226,Arun Bhat,arun.bhat45@hotmail.com,9782546314,Chandigarh,Premium,2022-11-04,Active
C0006,Rohan Rao,rohan.rao619@outlook.com,9384027113,Delhi,Corporate,2025-02-24,Active
C0237,Meena Tiwari,meena.tiwari77@gmail.com,9820678212,Chandigarh,Premium,2025-10-02,Active
C0055,Rajesh Joshi,rajesh.joshi359@hotmail.com,9427696198,Ahmedabad,Regular,2020-04-06,Active
C0230,Ankit Malhotra,ankit.malhotra908@yahoo.com,9144996163,Noida,Premium,2025-10-12,Inactive
C0387,Tushar Joshi,tushar.joshi105@hotmail.com,9890261845,Ahmedabad,Premium,2020-05-12,Inactive
C0280,Manoj Mehta,manoj.mehta572@outlook.com,9420511037,Ahmedabad,Premium,2023-03-29,Active
C0059,Arun Nayak,arun.nayak195@rediffmail.com,9373506211,Delhi,Corporate,2024-11-21,Active
C0297,Sneha Chauhan,sneha.chauhan477@gmail.com,9429430802,Kolkata,Premium,2025-08-20,Inactive
C0104,Sanjay Bhat,sanjay.bhat117@hotmail.com,9982739959,Bangalore,Premium,2025-07-07,Active
C0224,Arjun Chatterjee,arjun.chatterjee630@gmail.com,9478833337,Ahmedabad,Corporate,2024-09-02,Active
C0294,Pranav Iyer,pranav.iyer411@gmail.com,9818608005,Hyderabad,Regular,2021-07-29,Inactive
C0386,Varun Singh,varun.singh794@outlook.com,9683155818,Gurugram,Corporate,2020-06-19,Inactive
C0092,Anjali Chatterjee,anjali.chatterjee275@rediffmail.com,9446071904,Ahmedabad,Regular,2023-02-16,Inactive
C0126,Anjali Pandey,anjali.pandey393@yahoo.com,9304666325,Surat,Corporate,2021-07-13,Active
C0321,Gaurav Bhat,gaurav.bhat95@outlook.com,9675134276,Pune,Regular,2023-01-04,Inactive
C0035,Arun Reddy,arun.reddy293@hotmail.com,9554200826,Coimbatore,Corporate,2025-06-16,Active
C0282,Kavita Saxena,kavita.saxena389@rediffmail.com,9523625992,Gurugram,Regular,2023-04-04,Active
C0382,Sakshi Kumar,sakshi.kumar835@yahoo.com,9512256916,Coimbatore,Corporate,2025-07-20,Inactive
C0266,Pallavi Pandey,pallavi.pandey76@outlook.com,9514838889,Patna,Premium,2026-03-02,Inactive
C0135,Karan Tiwari,karan.tiwari894@hotmail.com,9680911523,Delhi,Corporate,2020-10-07,Active
C0369,Vishal Nair,vishal.nair467@outlook.com,9942103498,Pune,Corporate,2025-06-01,Inactive
C0302,Suresh Iyer,suresh.iyer453@rediffmail.com,9224811770,Pune,Corporate,2026-07-16,Inactive
C0187,Deepa Kumar,deepa.kumar546@hotmail.com,9855561271,Ahmedabad,Corporate,2026-04-07,Inactive
C0117,Mohit Mishra,mohit.mishra939@hotmail.com,9398668350,Kolkata,Corporate,2024-11-20,Inactive
C0075,Pooja Mehta,pooja.mehta711@hotmail.com,9264073400,Pune,Regular,2024-08-26,Inactive
C0443,Shweta Bhat,shweta.bhat570@hotmail.com,9903243119,Coimbatore,Regular,2021-01-22,Inactive
C0012,Rajesh Kapoor,rajesh.kapoor825@gmail.com,9438715135,Chandigarh,Premium,2020-09-28,Active
C0211,Bhavna Jain,bhavna.jain993@yahoo.com,9576954730,Surat,Premium,2025-01-12,Active
C0457,Varun Saxena,varun.saxena577@yahoo.com,9302114356,Nagpur,Corporate,2023-06-19,Active
C0043,Amit Menon,amit.menon903@outlook.com,9173864104,Ahmedabad,Premium,2023-03-13,Active
C0079,Divya Mukherjee,divya.mukherjee399@gmail.com,9460916347,Chandigarh,Corporate,2021-11-07,Inactive
C0434,Nikhil Mukherjee,nikhil.mukherjee996@gmail.com,9252872361,Jaipur,Regular,2020-06-28,Active
C0129,Vishal Iyer,vishal.iyer782@rediffmail.com,9683503591,Chandigarh,Premium,2023-08-11,Active
C0464,Arun Nair,arun.nair131@outlook.com,9290812817,Mumbai,Corporate,2026-06-04,Inactive
C0027,Vikram Yadav,vikram.yadav235@gmail.com,9172370545,Delhi,Premium,2020-10-17,Active
C0471,,test.user563@rediffmail.com,9627151698,Chennai,Regular,2025-01-08,Active
C0080,Amit Agarwal,amit.agarwal28@rediffmail.com,9523076025,Kochi,Corporate,2020-04-21,Active
C0398,Varun Bhat,varun.bhat808@hotmail.com,9469087606,Delhi,Regular,2021-02-11,Inactive
C0225,Kunal Chauhan,kunal.chauhan537@gmail.com,9487195336,Bangalore,Corporate,2026-02-06,Active
C0178,Harsh Menon,harsh.menon30@outlook.com,9293720285,Jaipur,Corporate,2023-06-19,Inactive
C0058,Ankit Singh,ankit.singh445@rediffmail.com,9471178705,Noida,Premium,2025-09-25,Active
C0444,Rohan Malhotra,rohan.malhotra125@yahoo.com,9112838650,Delhi,Regular,2021-06-19,Active
C0474,,test.user654@yahoo.com,9413330168,Bangalore,Premium,2023-08-25,Active
C0289,Nikhil Nayak,nikhil.nayak957@yahoo.com,9139019611,Chandigarh,Premium,2022-02-02,Inactive
C0338,Neha Das,neha.das387@hotmail.com,9693458652,Nagpur,Regular,2020-02-08,Active
C0174,Megha Pandey,megha.pandey338@rediffmail.com,9819421270,Hyderabad,Premium,2023-12-19,Inactive
C0396,Ashish Banerjee,ashish.banerjee871@outlook.com,9168000803,Coimbatore,Premium,2022-06-11,Inactive
C0049,Preeti Banerjee,preeti.banerjee723@rediffmail.com,9559225330,Coimbatore,Regular,2021-04-03,Active
C0136,Dhruv Chauhan,dhruv.chauhan233@outlook.com,9901834280,Bangalore,Premium,2021-02-07,Active
C0487,Sneha Jain,sneha.jain943@hotmail.com,9388390253,Gurugram,InvalidType,2023-02-11,Active
C0194,Deepa Shah,deepa.shah476@hotmail.com,9910080036,Kochi,Corporate,2025-01-12,Inactive
C0083,Neha Mukherjee,neha.mukherjee768@gmail.com,9679196799,Delhi,Premium,2022-07-07,Active
C0437,Aarti Nair,aarti.nair872@outlook.com,9438238241,Chandigarh,Corporate,2023-08-29,Inactive
C0373,Shweta Tiwari,shweta.tiwari191@yahoo.com,9787708952,Indore,Premium,2020-04-29,Active
C0325,Komal Nair,komal.nair478@hotmail.com,9673002461,Gurugram,Premium,2022-12-07,Inactive
C0096,Ritika Shah,ritika.shah708@yahoo.com,9611201082,Nagpur,Premium,2020-03-11,Active
C0188,Vikram Das,vikram.das447@gmail.com,9120123575,Bhopal,Regular,2023-07-06,Inactive
C0052,Kunal Singh,kunal.singh799@outlook.com,9701170349,Indore,Corporate,2021-09-25,Active
C0137,Gaurav Patel,gaurav.patel926@outlook.com,9131081879,Delhi,Premium,2020-08-17,Inactive
C0010,Swati Chauhan,swati.chauhan719@outlook.com,9833953718,Bangalore,Corporate,2021-12-01,Active
C0002,Bhavna Jain,bhavna.jain90@rediffmail.com,9734036506,Indore,Regular,2020-05-02,Active
C0197,Sneha Rao,sneha.rao79@outlook.com,9792205349,Bangalore,Corporate,2026-08-30,Inactive
C0245,Ritika Pandey,ritika.pandey913@outlook.com,9422076028,Kolkata,Corporate,2021-12-14,Inactive
C0323,Mohit Joshi,mohit.joshi311@outlook.com,9116464447,Pune,Regular,2021-04-25,Inactive
C0344,Rohan Chatterjee,rohan.chatterjee859@yahoo.com,9181623972,Noida,Corporate,2024-06-12,Inactive
C0220,Gaurav Agarwal,gaurav.agarwal928@gmail.com,9185068029,Mumbai,Premium,2022-06-02,Active
C0223,Sakshi Agarwal,sakshi.agarwal17@rediffmail.com,9778556450,Patna,Corporate,2022-09-17,Active
C0067,Manoj Kumar,manoj.kumar48@gmail.com,9362897676,Nagpur,Corporate,2020-10-25,Inactive
C0486,Sonali Agarwal,sonali.agarwal40@hotmail.com,9524979220,Noida,InvalidType,2024-05-01,Active
C0439,Rohan Patel,rohan.patel478@hotmail.com,9437190678,Indore,Regular,2026-01-04,Inactive
C0472,,test.user438@gmail.com,9194090232,Lucknow,Corporate,2026-07-04,Active
C0087,Megha Sharma,megha.sharma590@outlook.com,9827296111,Chandigarh,Premium,2022-03-23,Active
C0108,Sonali Jain,sonali.jain971@gmail.com,9918982730,Pune,Corporate,2022-05-14,Inactive
C0388,Sanjay Rao,sanjay.rao450@gmail.com,9226042285,Ahmedabad,Regular,2026-08-05,Inactive
C0232,Tanvi Iyer,tanvi.iyer128@outlook.com,9958287383,Gurugram,Premium,2024-06-26,Inactive
C0003,Swati Mehta,swati.mehta617@rediffmail.com,9128492780,Coimbatore,Regular,2026-02-10,Inactive
C0346,Divya Patel,divya.patel677@rediffmail.com,9508099975,Bangalore,Corporate,2023-04-24,Active
C0161,Megha Joshi,megha.joshi337@yahoo.com,9931471931,Chennai,Corporate,2020-01-12,Inactive
C0470,Tushar Das,tushar.das849@gmail.com,9614847663,Kochi,Corporate,2022-07-12,Active
C0171,Nisha Kapoor,nisha.kapoor409@hotmail.com,9546665485,Hyderabad,Premium,2024-10-14,Inactive
C0250,Komal Kumar,komal.kumar515@hotmail.com,9159499094,Hyderabad,Corporate,2021-09-18,Inactive
C0042,Rahul Banerjee,rahul.banerjee577@rediffmail.com,9207354053,Bangalore,Corporate,2022-05-23,Inactive
C0319,Ritu Bhat,ritu.bhat826@yahoo.com,9597169479,Delhi,Corporate,2024-08-17,Inactive
C0162,Pooja Kumar,pooja.kumar257@rediffmail.com,9957397689,Kolkata,Regular,2020-04-15,Active
C0074,Shruti Nair,shruti.nair279@yahoo.com,9460613550,Noida,Corporate,2020-11-26,Active
C0235,Karan Singh,karan.singh336@gmail.com,9809656613,Lucknow,Premium,2024-12-31,Inactive
C0408,Neha Nayak,neha.nayak144@gmail.com,9907932366,Hyderabad,Corporate,2024-04-21,Inactive
C0357,Harsh Yadav,harsh.yadav491@yahoo.com,9437351729,Kolkata,Premium,2023-07-31,Inactive
C0461,Vikram Rao,vikram.rao601@hotmail.com,9208482467,Noida,Premium,2023-08-14,Active
C0071,Anjali Chauhan,anjali.chauhan573@rediffmail.com,9739362057,Noida,Premium,2025-08-29,Inactive
C0078,Tushar Jain,tushar.jain820@rediffmail.com,9747737533,Ahmedabad,Premium,2022-06-17,Inactive
C0296,Nisha Nair,nisha.nair741@rediffmail.com,9715122372,Mumbai,Premium,2024-01-12,Active
C0212,Tushar Mehta,tushar.mehta989@outlook.com,9968253265,Nagpur,Regular,2024-02-15,Inactive
C0363,Vikram Banerjee,vikram.banerjee491@rediffmail.com,9725179752,Chandigarh,Corporate,2025-09-06,Inactive
C0272,Shruti Saxena,shruti.saxena487@outlook.com,9975903641,Mumbai,Premium,2023-09-18,Active
C0196,Megha Verma,megha.verma520@outlook.com,9179661615,Lucknow,Premium,2025-01-25,Active
C0062,Kunal Chatterjee,kunal.chatterjee413@outlook.com,9848621833,Lucknow,Corporate,2021-06-05,Active
C0257,Gaurav Chatterjee,gaurav.chatterjee476@hotmail.com,9319068042,Noida,Corporate,2021-08-11,Inactive
C0100,Manoj Joshi,manoj.joshi284@hotmail.com,9878017216,Kochi,Corporate,2023-03-05,Active
C0316,Sneha Pandey,sneha.pandey901@rediffmail.com,9889427990,Kolkata,Corporate,2024-10-15,Inactive
C0037,Preeti Iyer,preeti.iyer52@gmail.com,9727255918,Nagpur,Corporate,2025-12-15,Active
C0028,Meena Chauhan,meena.chauhan220@hotmail.com,9678998028,Chennai,Corporate,2026-05-27,Inactive
C0241,Shweta Iyer,shweta.iyer256@outlook.com,9221814525,Mumbai,Corporate,2022-02-01,Inactive
C0061,Kunal Menon,kunal.menon639@outlook.com,9437064353,Hyderabad,Corporate,2023-05-15,Inactive
C0448,Priya Das,priya.das177@hotmail.com,9480043678,Pune,Regular,2023-01-31,Inactive
C0318,Pooja Nair,pooja.nair189@hotmail.com,9910048118,Coimbatore,Premium,2022-09-14,Active
C0375,Varun Singh,varun.singh192@rediffmail.com,9492767278,Noida,Regular,2025-02-17,Active
C0354,Mohit Malhotra,mohit.malhotra370@gmail.com,9370260533,Ahmedabad,Corporate,2025-07-23,Active
C0440,Komal Joshi,komal.joshi316@hotmail.com,9597514616,Jaipur,Regular,2021-01-05,Active
C0170,Tanvi Tiwari,tanvi.tiwari739@rediffmail.com,9330879256,Indore,Premium,2022-07-24,Inactive
C0216,Meena Banerjee,meena.banerjee151@rediffmail.com,9992329618,Indore,Regular,2022-06-28,Inactive
C0158,Bhavna Rao,bhavna.rao924@rediffmail.com,9792377512,Gurugram,Regular,2024-06-18,Inactive
C0395,Tarun Menon,tarun.menon466@outlook.com,9624033772,Noida,Corporate,2020-01-11,Active
C0182,Pooja Patel,pooja.patel51@rediffmail.com,9823668399,Bangalore,Premium,2024-12-19,Inactive
C0327,Karan Chatterjee,karan.chatterjee577@gmail.com,9337591250,Chennai,Regular,2022-12-04,Inactive
C0484,Tushar Nayak,tushar.nayak899@outlook.com,123456789012345,Jaipur,Premium,2025-09-21,Active
C0172,Kunal Reddy,kunal.reddy977@outlook.com,9263894795,Nagpur,Regular,2021-01-08,Active
C0094,Karan Patel,karan.patel218@hotmail.com,9480990401,Jaipur,Premium,2023-02-19,Inactive
C0287,Nikhil Tiwari,nikhil.tiwari489@hotmail.com,9798510601,Pune,Premium,2023-08-08,Inactive
C0343,Arun Shah,arun.shah810@yahoo.com,9840141559,Bangalore,Corporate,2023-11-17,Active
C0066,Arjun Mishra,arjun.mishra344@rediffmail.com,9200273738,Ahmedabad,Corporate,2023-06-25,Active
C0242,Isha Das,isha.das121@rediffmail.com,9381080560,Jaipur,Corporate,2025-01-01,Active
C0050,Tarun Nayak,tarun.nayak559@yahoo.com,9138684919,Gurugram,Corporate,2026-03-13,Active
C0151,Shweta Sharma,shweta.sharma550@outlook.com,9232702394,Bhopal,Premium,2022-12-09,Inactive
C0093,Aarti Shah,aarti.shah584@hotmail.com,9755338677,Chandigarh,Premium,2020-04-27,Inactive
C0286,Nisha Yadav,nisha.yadav103@hotmail.com,9831424323,Chennai,Regular,2026-03-04,Active
C0088,Megha Yadav,megha.yadav105@yahoo.com,9848605284,Lucknow,Corporate,2021-05-10,Active
C0154,Kavita Kumar,kavita.kumar969@gmail.com,9139956218,Lucknow,Premium,2021-04-20,Active
,Divya Tiwari,divya.tiwari622@yahoo.com,9566219118,Kolkata,Regular,2023-07-27,Active
C0184,Divya Singh,divya.singh695@outlook.com,9828519068,Kochi,Premium,2025-11-28,Inactive
C0244,Shruti Banerjee,shruti.banerjee830@gmail.com,9832215964,Noida,Corporate,2023-11-24,Active
C0274,Tanvi Malhotra,tanvi.malhotra592@rediffmail.com,9344322679,Delhi,Corporate,2025-05-21,Active
C0415,Sneha Malhotra,sneha.malhotra519@hotmail.com,9407613928,Patna,Premium,2024-09-30,Inactive
C0176,Pooja Chauhan,pooja.chauhan230@hotmail.com,9216198604,Gurugram,Corporate,2024-02-14,Active
C0098,Mohit Pandey,mohit.pandey353@rediffmail.com,9556881239,Coimbatore,Premium,2023-12-12,Inactive
C0418,Megha Tiwari,megha.tiwari318@gmail.com,9850197517,Indore,Corporate,2022-09-04,Active
C0299,Pooja Banerjee,pooja.banerjee383@rediffmail.com,9546510829,Coimbatore,Premium,2026-01-10,Active
C0019,Ashish Nayak,ashish.nayak996@outlook.com,9637500247,Kolkata,Corporate,2021-03-11,Inactive
C0199,Karan Agarwal,karan.agarwal514@hotmail.com,9261985842,Delhi,Premium,2021-02-27,Inactive
C0208,Amit Kumar,amit.kumar303@gmail.com,9946237594,Hyderabad,Corporate,2026-01-19,Active
C0215,Ritika Menon,ritika.menon729@gmail.com,9653953485,Hyderabad,Premium,2020-12-09,Active
C0428,Kavita Mishra,kavita.mishra184@gmail.com,9339643129,Patna,Regular,2024-06-30,Active
C0152,Dhruv Rao,dhruv.rao692@gmail.com,9351064359,Nagpur,Regular,2026-04-18,Inactive
C0255,Sonali Tiwari,sonali.tiwari510@gmail.com,9773412230,Coimbatore,Premium,2023-05-22,Inactive
C0425,Rajesh Jain,rajesh.jain3@rediffmail.com,9147285340,Mumbai,Regular,2020-07-07,Inactive
C0014,Sanjay Kumar,sanjay.kumar763@yahoo.com,9702764446,Coimbatore,Premium,2026-07-22,Inactive
C0072,Ritika Banerjee,ritika.banerjee762@yahoo.com,9609677794,Bhopal,Premium,2022-10-09,Inactive
C0164,Amit Jain,amit.jain539@hotmail.com,9222030010,Bangalore,Premium,2025-01-10,Inactive
C0339,Neha Mukherjee,neha.mukherjee661@hotmail.com,9942217648,Noida,Corporate,2021-01-25,Active
,Ritika Nayak,ritika.nayak347@gmail.com,9737835435,Surat,Premium,2023-03-05,Active
C0397,Swati Mukherjee,swati.mukherjee331@outlook.com,9989427187,Lucknow,Premium,2026-02-19,Active
C0459,Rahul Iyer,rahul.iyer207@rediffmail.com,9965914172,Chennai,Premium,2021-12-27,Inactive
C0441,Bhavna Nair,bhavna.nair42@rediffmail.com,9330876810,Noida,Regular,2021-01-08,Active
C0094,Vivek Saxena,vivek.saxena567@yahoo.com,9165480798,Chandigarh,Corporate,2025-05-07,Active
C0077,Vivek Saxena,vivek.saxena489@hotmail.com,9106330865,Gurugram,Premium,2024-05-16,Inactive
C0483,Megha Saxena,megha.saxena948@gmail.com,12345,Kochi,Regular,2024-08-08,Active
C0390,Varun Rao,varun.rao288@rediffmail.com,9740871060,Coimbatore,Regular,2023-08-18,Inactive
C0409,Divya Iyer,divya.iyer254@yahoo.com,9397391755,Bangalore,Regular,2026-03-16,Inactive
C0336,Aarti Joshi,aarti.joshi540@rediffmail.com,9371031968,Gurugram,Premium,2024-06-13,Active
C0134,Nisha Agarwal,nisha.agarwal666@hotmail.com,9186237917,Noida,Corporate,2025-12-25,Inactive
C0358,Preeti Yadav,preeti.yadav991@hotmail.com,9718345671,Ahmedabad,Premium,2024-03-20,Inactive
C0167,Shruti Menon,shruti.menon76@hotmail.com,9186748119,Noida,Corporate,2021-08-30,Active
C0328,Arjun Kumar,arjun.kumar338@yahoo.com,9346980616,Chandigarh,Corporate,2022-10-03,Inactive
C0142,Megha Nair,megha.nair707@hotmail.com,9368540924,Bhopal,Premium,2022-03-26,Inactive
C0173,Neha Chatterjee,neha.chatterjee763@gmail.com,9893276164,Gurugram,Regular,2026-03-28,Active
C0033,Sneha Tiwari,sneha.tiwari857@rediffmail.com,9115846122,Bangalore,Regular,2021-11-12,Inactive
C0247,Pallavi Pandey,pallavi.pandey378@rediffmail.com,9601873197,Coimbatore,Regular,2020-12-19,Active
C0056,Shweta Iyer,shweta.iyer886@outlook.com,9174539964,Jaipur,Premium,2025-09-17,Inactive
C0351,Rahul Nair,rahul.nair398@hotmail.com,9936626463,Bangalore,Corporate,2026-04-10,Active
C0153,Sonali Mehta,sonali.mehta651@gmail.com,9984607950,Bhopal,Corporate,2023-05-22,Inactive
C0145,Arjun Shah,arjun.shah622@yahoo.com,9961067882,Gurugram,Regular,2022-02-17,Inactive
C0404,Mohit Gupta,mohit.gupta393@yahoo.com,9195918514,Hyderabad,Regular,2023-07-07,Inactive
C0438,Gaurav Reddy,gaurav.reddy77@yahoo.com,9317661025,Chennai,Corporate,2021-03-22,Active
C0399,Priya Singh,priya.singh452@yahoo.com,9590182620,Mumbai,Premium,2022-04-08,Active
C0288,Tanvi Verma,tanvi.verma668@gmail.com,9716470999,Ahmedabad,Corporate,2020-06-01,Active
C0211,Gaurav Banerjee,gaurav.banerjee232@outlook.com,9998806471,Jaipur,Corporate,2023-05-07,Active
C0340,Rajesh Joshi,rajesh.joshi487@rediffmail.com,9391086098,Delhi,Regular,2023-02-22,Active
C0262,Sakshi Nayak,sakshi.nayak510@outlook.com,9124885365,Bangalore,Premium,2025-09-01,Inactive
C0004,Rajesh Banerjee,rajesh.banerjee285@rediffmail.com,9969119330,Mumbai,Regular,2024-09-27,Inactive
C0053,Suresh Malhotra,suresh.malhotra903@yahoo.com,9542697755,Mumbai,Regular,2023-09-22,Inactive
C0300,Vivek Mehta,vivek.mehta895@rediffmail.com,9945432844,Bangalore,Corporate,2025-01-03,Inactive
C0446,Manoj Nayak,manoj.nayak829@hotmail.com,9238288872,Bangalore,Premium,2021-05-16,Active
C0320,Ritika Mishra,ritika.mishra398@yahoo.com,9360767346,Jaipur,Regular,2023-09-14,Active
C0267,Sonali Chauhan,sonali.chauhan122@rediffmail.com,9238151258,Hyderabad,Premium,2024-03-08,Inactive
C0412,Aarti Mukherjee,aarti.mukherjee73@rediffmail.com,9667243311,Mumbai,Premium,2023-07-20,Active
C0155,Aarti Nayak,aarti.nayak139@rediffmail.com,9517305280,Bhopal,Premium,2026-01-21,Inactive
C0239,Aarti Shah,aarti.shah371@outlook.com,9511086777,Kochi,Regular,2021-09-20,Inactive
C0112,Divya Singh,divya.singh231@rediffmail.com,9795392488,Chennai,Premium,2021-08-05,Active
C0394,Arun Banerjee,arun.banerjee649@gmail.com,9953193777,Bangalore,Premium,2025-10-12,Inactive
C0236,Suresh Yadav,suresh.yadav360@hotmail.com,9580101819,Delhi,Corporate,2023-12-15,Inactive
C0179,Vishal Sharma,vishal.sharma891@yahoo.com,9253815116,Kochi,Corporate,2024-06-29,Active
C0193,Aarti Singh,aarti.singh263@yahoo.com,9311818984,Kolkata,Corporate,2021-09-18,Active
C0217,Vishal Menon,vishal.menon425@gmail.com,9157184151,Chandigarh,Corporate,2024-03-11,Active
C0480,Karan Menon,invalid-email,9193445007,Chandigarh,Corporate,2025-03-24,Active
C0330,Suresh Jain,suresh.jain174@outlook.com,9250279322,Coimbatore,Premium,2022-01-23,Active
,Nisha Joshi,nisha.joshi420@yahoo.com,9848609261,Coimbatore,Corporate,2026-01-11,Active
C0365,Komal Mehta,komal.mehta171@outlook.com,9794710793,Surat,Regular,2026-04-25,Inactive
C0157,Ankit Yadav,ankit.yadav223@outlook.com,9576078963,Bhopal,Regular,2024-01-25,Active
C0312,Aarti Joshi,aarti.joshi104@gmail.com,9737742679,Delhi,Premium,2020-07-18,Active
C0130,Tarun Mehta,tarun.mehta393@rediffmail.com,9350785761,Indore,Regular,2023-07-27,Inactive
C0115,Gaurav Gupta,gaurav.gupta41@rediffmail.com,9563887247,Noida,Corporate,2022-10-22,Active
C0402,Tanvi Gupta,tanvi.gupta2@gmail.com,9329159242,Nagpur,Regular,2021-06-27,Active
C0308,Arun Das,arun.das700@gmail.com,9810594320,Coimbatore,Regular,2023-11-25,Active
C0465,Komal Saxena,komal.saxena187@gmail.com,9746809909,Noida,Corporate,2022-06-23,Active
C0414,Komal Gupta,komal.gupta602@gmail.com,9172512549,Mumbai,Premium,2022-06-02,Active
C0068,Nikhil Nayak,nikhil.nayak200@rediffmail.com,9871318048,Chandigarh,Premium,2024-06-24,Active
C0435,Isha Chatterjee,isha.chatterjee470@outlook.com,9903050869,Bangalore,Corporate,2021-01-26,Active
C0005,Meena Kumar,meena.kumar981@yahoo.com,9919795579,Noida,Regular,2021-01-14,Inactive
C0350,Rohan Sharma,rohan.sharma363@gmail.com,9695088987,Bangalore,Corporate,2023-08-21,Inactive
C0393,Vivek Kapoor,vivek.kapoor502@hotmail.com,9252655630,Kochi,Corporate,2023-01-05,Inactive
C0417,Neha Mishra,neha.mishra998@yahoo.com,9967647911,Chennai,Corporate,2023-08-31,Inactive
C0011,Suresh Banerjee,suresh.banerjee277@hotmail.com,9787194506,Coimbatore,Regular,2023-08-21,Active
C0263,Aarti Joshi,aarti.joshi362@rediffmail.com,9152246275,Delhi,Premium,2025-07-20,Inactive
C0210,Tarun Shah,tarun.shah829@rediffmail.com,9277746324,Bhopal,Regular,2024-08-09,Inactive
C0334,Rahul Pandey,rahul.pandey422@rediffmail.com,9112724887,Mumbai,Corporate,2023-01-30,Inactive
C0489,Rajesh Kumar,rajesh.kumar998@outlook.com,9898567178,Bhopal,InvalidType,2024-10-19,Active
C0106,Kavita Pandey,kavita.pandey621@hotmail.com,9740086326,Surat,Regular,2025-11-10,Inactive
C0347,Shruti Gupta,shruti.gupta275@gmail.com,9265593497,Chandigarh,Corporate,2021-09-23,Inactive
C0116,Neha Mehta,neha.mehta602@rediffmail.com,9122275263,Jaipur,Corporate,2020-06-13,Active
C0332,Dhruv Mehta,dhruv.mehta725@gmail.com,9262166848,Mumbai,Regular,2025-09-02,Inactive
C0114,Anjali Yadav,anjali.yadav717@outlook.com,9532190231,Jaipur,Corporate,2026-01-20,Inactive
C0110,Nikhil Banerjee,nikhil.banerjee482@rediffmail.com,9412737284,Delhi,Regular,2023-03-26,Inactive
,Gaurav Gupta,gaurav.gupta302@gmail.com,9121558591,Noida,Premium,2023-08-03,Active
C0293,Preeti Iyer,preeti.iyer582@outlook.com,9824132709,Pune,Regular,2024-07-18,Inactive
C0430,Rahul Rao,rahul.rao299@yahoo.com,9705382875,Lucknow,Corporate,2022-09-20,Inactive
C0455,Tushar Kapoor,tushar.kapoor783@gmail.com,9335591393,Kochi,Premium,2023-12-24,Active
C0198,Anjali Saxena,anjali.saxena978@rediffmail.com,9950207886,Delhi,Premium,2026-05-30,Active
C0466,Sakshi Kumar,sakshi.kumar764@outlook.com,9183544242,Ahmedabad,Premium,2023-08-01,Active
C0146,Bhavna Shah,bhavna.shah644@yahoo.com,9204328975,Delhi,Premium,2024-12-10,Active
C0047,Swati Chauhan,swati.chauhan518@outlook.com,9624557080,Jaipur,Regular,2021-01-13,Inactive
C0353,Meena Mukherjee,meena.mukherjee65@yahoo.com,9279537578,Indore,Premium,2024-09-20,Inactive
C0426,Pallavi Das,pallavi.das184@yahoo.com,9137971349,Coimbatore,Corporate,2024-09-13,Active
C0384,Vivek Mehta,vivek.mehta34@outlook.com,9395121074,Ahmedabad,Corporate,2023-03-28,Active
C0133,Rahul Jain,rahul.jain420@yahoo.com,9803066091,Chennai,Regular,2025-04-07,Inactive
C0460,Sneha Sharma,sneha.sharma601@yahoo.com,9856661933,Chennai,Regular,2025-11-25,Inactive
C0084,Komal Tiwari,komal.tiwari773@gmail.com,9133318206,Ahmedabad,Regular,2020-03-24,Active
C0177,Vivek Reddy,vivek.reddy232@rediffmail.com,9966747347,Indore,Corporate,2026-03-30,Active
C0180,Pooja Jain,pooja.jain94@gmail.com,9901131404,Patna,Regular,2024-03-20,Inactive
C0283,Arjun Yadav,arjun.yadav355@gmail.com,9574997731,Jaipur,Corporate,2025-05-16,Active
C0301,Vikram Menon,vikram.menon115@rediffmail.com,9166312199,Coimbatore,Corporate,2022-04-08,Active
C0243,Sonali Nair,sonali.nair205@hotmail.com,9231680929,Chennai,Regular,2025-01-25,Active
C0091,Divya Patel,divya.patel989@rediffmail.com,9798423334,Jaipur,Corporate,2026-01-13,Inactive
C0229,Dhruv Patel,dhruv.patel65@yahoo.com,9868847524,Bhopal,Regular,2023-04-16,Active
C0305,Sanjay Kapoor,sanjay.kapoor764@gmail.com,9333969748,Kochi,Regular,2020-07-04,Inactive
C0251,Suresh Patel,suresh.patel958@outlook.com,9861639583,Ahmedabad,Premium,2025-10-26,Inactive
C0191,Isha Gupta,isha.gupta892@hotmail.com,9433154770,Noida,Regular,2023-09-26,Active
C0124,Ritika Chatterjee,ritika.chatterjee231@gmail.com,9221827951,Bhopal,Regular,2021-09-22,Inactive
C0016,Kavita Kumar,kavita.kumar812@yahoo.com,9830661141,Indore,Corporate,2020-09-17,Inactive
C0349,Rohan Kumar,rohan.kumar192@gmail.com,9562760731,Bhopal,Corporate,2026-03-22,Inactive
C0064,Shweta Pandey,shweta.pandey312@gmail.com,9408071259,Pune,Premium,2026-07-03,Inactive
C0326,Pranav Nayak,pranav.nayak478@hotmail.com,9205879779,Nagpur,Premium,2022-04-12,Inactive
C0204,Megha Chauhan,megha.chauhan939@yahoo.com,9475617211,Lucknow,Corporate,2024-05-24,Active
C0259,Karan Mehta,karan.mehta126@hotmail.com,9387195524,Bhopal,Regular,2021-07-31,Active
C0238,Priya Kumar,priya.kumar695@rediffmail.com,9938927341,Bhopal,Regular,2021-06-01,Active
C0479,Bhavna Chatterjee,noatsign.com,9983221403,Chennai,Corporate,2024-06-12,Active
C0189,Varun Das,varun.das297@hotmail.com,9223666470,Chandigarh,Regular,2023-08-23,Active
C0141,Anjali Nayak,anjali.nayak694@outlook.com,9686905284,Kolkata,Regular,2024-12-14,Inactive
C0102,Meena Verma,meena.verma567@gmail.com,9413679331,Chennai,Corporate,2025-07-03,Active
C0361,Arjun Kapoor,arjun.kapoor839@gmail.com,9954330018,Indore,Corporate,2025-08-07,Active
C0185,Ankit Mehta,ankit.mehta614@hotmail.com,9158821683,Mumbai,Regular,2023-05-19,Active
C0026,Vikram Iyer,vikram.iyer603@gmail.com,9694768704,Ahmedabad,Corporate,2022-06-21,Active
C0234,Neha Jain,neha.jain81@hotmail.com,9562360908,Surat,Regular,2026-02-12,Inactive
C0017,Arun Agarwal,arun.agarwal542@hotmail.com,9369953851,Coimbatore,Regular,2021-04-14,Inactive
C0128,Ashish Nair,ashish.nair594@rediffmail.com,9808605988,Nagpur,Regular,2025-01-03,Inactive
C0030,Vishal Chatterjee,vishal.chatterjee479@hotmail.com,9882839238,Delhi,Corporate,2021-02-07,Active
C0429,Anjali Bhat,anjali.bhat793@outlook.com,9433609196,Noida,Regular,2026-03-15,Inactive
C0103,Rahul Saxena,rahul.saxena481@outlook.com,9614015466,Bhopal,Premium,2022-01-25,Active
C0427,Karan Mehta,karan.mehta938@hotmail.com,9873403266,Noida,Premium,2020-11-15,Inactive
C0449,Gaurav Nayak,gaurav.nayak36@yahoo.com,9759391912,Surat,Corporate,2022-10-03,Inactive
C0099,Meena Nair,meena.nair237@outlook.com,9229553265,Pune,Premium,2021-05-04,Active
C0089,Vishal Pandey,vishal.pandey678@hotmail.com,9497897455,Bangalore,Corporate,2023-10-29,Active
C0015,Megha Das,megha.das225@outlook.com,9248532577,Patna,Premium,2021-01-07,Active
C0292,Kavita Iyer,kavita.iyer749@yahoo.com,9592755658,Jaipur,Corporate,2022-02-01,Active
C0451,Nikhil Joshi,nikhil.joshi256@rediffmail.com,9777267364,Coimbatore,Regular,2024-04-15,Inactive
C0269,Ankit Verma,ankit.verma731@yahoo.com,9457599735,Nagpur,Corporate,2025-02-14,Active
C0436,Dhruv Kapoor,dhruv.kapoor77@hotmail.com,9735543236,Kochi,Regular,2024-11-16,Active
C0400,Tanvi Nair,tanvi.nair896@yahoo.com,9394226159,Bangalore,Corporate,2024-01-16,Inactive
C0070,Tarun Mishra,tarun.mishra52@hotmail.com,9698509918,Ahmedabad,Regular,2025-02-12,Active
C0207,Pallavi Nair,pallavi.nair974@yahoo.com,9329987621,Noida,Premium,2022-02-25,Active
C0260,Sneha Nair,sneha.nair885@hotmail.com,9760756497,Indore,Regular,2021-10-16,Inactive
C0364,Tushar Verma,tushar.verma719@outlook.com,9972197233,Coimbatore,Corporate,2020-12-14,Active
C0160,Nisha Mehta,nisha.mehta806@yahoo.com,9706210987,Pune,Regular,2026-03-20,Active
C0034,Sakshi Mukherjee,sakshi.mukherjee886@yahoo.com,9530613729,Delhi,Regular,2024-04-01,Active
C0082,Karan Joshi,karan.joshi335@hotmail.com,9462388455,Chandigarh,Premium,2024-09-22,Inactive
C0406,Isha Saxena,isha.saxena625@gmail.com,9797953888,Kolkata,Premium,2023-12-09,Active
C0264,Arjun Pandey,arjun.pandey868@gmail.com,9215424112,Indore,Regular,2022-12-19,Inactive
C0029,Aarti Malhotra,aarti.malhotra827@hotmail.com,9537077308,Pune,Regular,2021-02-01,Inactive
C0421,Sakshi Rao,sakshi.rao530@rediffmail.com,9940725996,Jaipur,Regular,2024-03-03,Active
C0192,Vikram Mishra,vikram.mishra544@gmail.com,9647556857,Pune,Premium,2023-12-09,Active
C0445,Shweta Rao,shweta.rao597@gmail.com,9729340221,Jaipur,Regular,2020-03-30,Active
C0265,Vivek Das,vivek.das47@outlook.com,9530121245,Delhi,Corporate,2026-04-20,Active
C0389,Shruti Agarwal,shruti.agarwal170@hotmail.com,9761587312,Chennai,Regular,2022-04-27,Active
C0249,Karan Tiwari,karan.tiwari461@gmail.com,9600184588,Patna,Premium,2021-06-09,Active
C0380,Divya Patel,divya.patel651@hotmail.com,9677006598,Kolkata,Corporate,2021-11-14,Inactive
C0209,Kunal Iyer,kunal.iyer135@rediffmail.com,9741288486,Chandigarh,Regular,2021-10-26,Active
C0422,Preeti Shah,preeti.shah751@outlook.com,9226762436,Mumbai,Premium,2024-10-24,Inactive
C0468,Swati Mehta,swati.mehta359@gmail.com,9375584366,Hyderabad,Corporate,2020-01-06,Active
C0109,Kunal Gupta,kunal.gupta246@yahoo.com,9286630878,Coimbatore,Regular,2021-10-03,Active
C0227,Vishal Malhotra,vishal.malhotra354@gmail.com,9358906986,Hyderabad,Corporate,2023-09-23,Active
C0097,Arjun Mehta,arjun.mehta709@hotmail.com,9361246928,Lucknow,Corporate,2026-07-10,Inactive
C0046,Rohan Jain,rohan.jain160@rediffmail.com,9392431670,Lucknow,Corporate,2022-05-12,Inactive
C0331,Isha Verma,isha.verma968@gmail.com,9978316418,Delhi,Regular,2024-08-16,Active
C0310,Anjali Chauhan,anjali.chauhan435@rediffmail.com,9671159367,Chandigarh,Regular,2022-10-10,Inactive
C0214,Manoj Malhotra,manoj.malhotra142@rediffmail.com,9368438908,Delhi,Corporate,2025-05-22,Inactive
C0374,Gaurav Saxena,gaurav.saxena399@hotmail.com,9104778194,Pune,Regular,2023-02-14,Active
C0138,Vishal Rao,vishal.rao150@hotmail.com,9362204999,Patna,Premium,2026-05-07,Active
